Data,Close
2023/1,45.78499984741211
2023/2,43.34000015258789
2023/3,44.35499954223633
2023/4,42.73500061035156
2023/5,43.540000915527344
2023/6,45.28499984741211
2023/7,44.25
2023/8,43.375
2023/9,41.040000915527344
2023/10,44.28499984741211
2023/11,47.064998626708984
2023/12,46.7400016784668
